{
	"credit": "Made with Blockbench",
	"parent": "block/block",
	"ambientocclusion": false,
	"textures": {
		"3": "block/glass",
		"top": "block/composter_top",
		"bottom": "block/composter_bottom",
		"particle": "block/composter_side",
		"side": "block/composter_side"
	},
	"elements": [
		{
			"from": [0, 0, 0],
			"to": [16, 2, 16],
			"faces": {
				"up": {"uv": [0, 0, 16, 16], "texture": "#bottom"},
				"down": {"uv": [0, 0, 16, 16], "texture": "#bottom"}
			}
		},
		{
			"from": [2, 0, 0],
			"to": [6, 16, 2],
			"rotation": {"angle": 0, "axis": "y", "origin": [1, 8, 8]},
			"faces": {
				"north": {"uv": [10, 0, 14, 16], "texture": "#side"},
				"east": {"uv": [14, 0, 16, 16], "texture": "#side"},
				"south": {"uv": [2, 0, 6, 16], "texture": "#side"},
				"up": {"uv": [2, 0, 6, 2], "texture": "#top"}
			}
		},
		{
			"from": [14, 0, 2],
			"to": [16, 16, 6],
			"faces": {
				"north": {"uv": [0, 0, 2, 16], "texture": "#side"},
				"east": {"uv": [11, 0, 15, 16], "texture": "#side"},
				"south": {"uv": [14, 0, 16, 16], "texture": "#side"},
				"west": {"uv": [2, 0, 6, 16], "texture": "#side"},
				"up": {"uv": [14, 2, 16, 6], "texture": "#top"}
			}
		},
		{
			"from": [0, 0, 14],
			"to": [6, 16, 16],
			"rotation": {"angle": 0, "axis": "y", "origin": [1, 8, 22]},
			"faces": {
				"north": {"uv": [10, 0, 16, 16], "texture": "#side"},
				"east": {"uv": [0, 0, 2, 16], "texture": "#side"},
				"south": {"uv": [0, 0, 6, 16], "texture": "#side"},
				"west": {"uv": [14, 0, 16, 16], "texture": "#side"},
				"up": {"uv": [0, 14, 6, 16], "texture": "#top"}
			}
		},
		{
			"from": [9, 3, 15],
			"to": [10, 14, 16],
			"rotation": {"angle": 0, "axis": "y", "origin": [6, 8, 22]},
			"faces": {
				"north": {"uv": [0, 16, 1, 5], "texture": "#3"},
				"east": {"uv": [0, 16, 1, 6], "texture": "#3"},
				"south": {"uv": [0, 16, 1, 5], "texture": "#3"},
				"west": {"uv": [0, 16, 1, 5], "texture": "#3"},
				"up": {"uv": [0, 5, 1, 15], "texture": "#3"},
				"down": {"uv": [0, 5, 1, 15], "texture": "#3"}
			}
		},
		{
			"from": [0, 3, 6],
			"to": [1, 14, 7],
			"faces": {
				"north": {"uv": [0, 5, 1, 15], "texture": "#3"},
				"east": {"uv": [0, 5, 1, 16], "texture": "#3"},
				"south": {"uv": [0, 5, 1, 16], "texture": "#3"},
				"west": {"uv": [0, 5, 1, 16], "texture": "#3"},
				"up": {"uv": [0, 5, 1, 15], "rotation": 90, "texture": "#3"},
				"down": {"uv": [0, 5, 1, 15], "rotation": 270, "texture": "#3"}
			}
		},
		{
			"from": [6, 3, 0],
			"to": [7, 14, 1],
			"rotation": {"angle": 0, "axis": "y", "origin": [6, 8, 7]},
			"faces": {
				"north": {"uv": [0, 5, 1, 16], "texture": "#3"},
				"east": {"uv": [0, 5, 1, 16], "texture": "#3"},
				"south": {"uv": [0, 5, 1, 16], "texture": "#3"},
				"west": {"uv": [0, 5, 1, 15], "texture": "#3"},
				"up": {"uv": [0, 5, 1, 15], "texture": "#3"},
				"down": {"uv": [0, 5, 1, 15], "texture": "#3"}
			}
		},
		{
			"from": [15, 3, 6],
			"to": [16, 14, 7],
			"faces": {
				"north": {"uv": [0, 5, 1, 15], "texture": "#3"},
				"east": {"uv": [0, 5, 1, 16], "texture": "#3"},
				"south": {"uv": [0, 5, 1, 16], "texture": "#3"},
				"west": {"uv": [0, 5, 1, 16], "texture": "#3"},
				"up": {"uv": [0, 5, 1, 15], "rotation": 90, "texture": "#3"},
				"down": {"uv": [0, 5, 1, 15], "rotation": 270, "texture": "#3"}
			}
		},
		{
			"from": [6, 3, 15],
			"to": [7, 14, 16],
			"rotation": {"angle": 0, "axis": "y", "origin": [11, 8, 22]},
			"faces": {
				"north": {"uv": [0, 5, 1, 16], "texture": "#3"},
				"east": {"uv": [0, 5, 1, 16], "texture": "#3"},
				"south": {"uv": [0, 5, 1, 16], "texture": "#3"},
				"west": {"uv": [0, 6, 1, 16], "texture": "#3"},
				"up": {"uv": [15, 5, 16, 15], "texture": "#3"},
				"down": {"uv": [15, 5, 16, 15], "texture": "#3"}
			}
		},
		{
			"from": [0, 3, 9],
			"to": [1, 14, 10],
			"faces": {
				"north": {"uv": [0, 16, 1, 5], "texture": "#3"},
				"east": {"uv": [0, 16, 1, 5], "texture": "#3"},
				"south": {"uv": [15, 5, 16, 15], "texture": "#3"},
				"west": {"uv": [0, 16, 1, 5], "texture": "#3"},
				"up": {"uv": [15, 5, 16, 15], "rotation": 90, "texture": "#3"},
				"down": {"uv": [15, 5, 16, 15], "rotation": 270, "texture": "#3"}
			}
		},
		{
			"from": [9, 3, 0],
			"to": [10, 14, 1],
			"rotation": {"angle": 0, "axis": "y", "origin": [11, 8, 7]},
			"faces": {
				"north": {"uv": [0, 16, 1, 5], "texture": "#3"},
				"east": {"uv": [15, 5, 16, 15], "texture": "#3"},
				"south": {"uv": [0, 16, 1, 5], "texture": "#3"},
				"west": {"uv": [0, 16, 1, 5], "texture": "#3"},
				"up": {"uv": [15, 5, 16, 15], "texture": "#3"},
				"down": {"uv": [15, 5, 16, 15], "texture": "#3"}
			}
		},
		{
			"from": [15, 3, 9],
			"to": [16, 14, 10],
			"faces": {
				"north": {"uv": [0, 16, 1, 5], "texture": "#3"},
				"east": {"uv": [0, 16, 1, 5], "texture": "#3"},
				"south": {"uv": [15, 5, 16, 15], "texture": "#3"},
				"west": {"uv": [0, 16, 1, 5], "texture": "#3"},
				"up": {"uv": [15, 5, 16, 15], "rotation": 90, "texture": "#3"},
				"down": {"uv": [15, 5, 16, 15], "rotation": 270, "texture": "#3"}
			}
		},
		{
			"from": [7, 3, 15],
			"to": [9, 4, 16],
			"rotation": {"angle": 0, "axis": "y", "origin": [11, 8, 22]},
			"faces": {
				"north": {"uv": [1, 15, 3, 16], "texture": "#3"},
				"east": {"uv": [2, 15, 7, 16], "texture": "#3"},
				"south": {"uv": [3, 15, 1, 16], "texture": "#3"},
				"west": {"uv": [2, 15, 7, 16], "texture": "#3"},
				"up": {"uv": [3, 15, 1, 16], "texture": "#3"},
				"down": {"uv": [2, 15, 7, 16], "texture": "#3"}
			}
		},
		{
			"from": [0, 3, 7],
			"to": [1, 4, 9],
			"faces": {
				"north": {"uv": [2, 15, 7, 16], "texture": "#3"},
				"east": {"uv": [1, 15, 3, 16], "texture": "#3"},
				"south": {"uv": [2, 15, 7, 16], "texture": "#3"},
				"west": {"uv": [3, 15, 1, 16], "texture": "#3"},
				"up": {"uv": [3, 15, 1, 16], "rotation": 90, "texture": "#3"},
				"down": {"uv": [2, 15, 7, 16], "rotation": 270, "texture": "#3"}
			}
		},
		{
			"from": [7, 3, 0],
			"to": [9, 4, 1],
			"rotation": {"angle": 0, "axis": "y", "origin": [11, 8, 7]},
			"faces": {
				"north": {"uv": [1, 15, 3, 16], "texture": "#3"},
				"east": {"uv": [1, 15, 3, 16], "texture": "#3"},
				"south": {"uv": [3, 15, 1, 16], "texture": "#3"},
				"west": {"uv": [1, 15, 3, 16], "texture": "#3"},
				"up": {"uv": [3, 15, 1, 16], "texture": "#3"},
				"down": {"uv": [1, 15, 3, 16], "texture": "#3"}
			}
		},
		{
			"from": [15, 3, 7],
			"to": [16, 4, 9],
			"faces": {
				"north": {"uv": [2, 15, 7, 16], "texture": "#3"},
				"east": {"uv": [1, 15, 3, 16], "texture": "#3"},
				"south": {"uv": [2, 15, 7, 16], "texture": "#3"},
				"west": {"uv": [3, 15, 1, 16], "texture": "#3"},
				"up": {"uv": [3, 15, 1, 16], "rotation": 90, "texture": "#3"},
				"down": {"uv": [2, 15, 7, 16], "rotation": 270, "texture": "#3"}
			}
		},
		{
			"from": [7, 13, 15],
			"to": [9, 14, 16],
			"rotation": {"angle": 0, "axis": "y", "origin": [11, 17, 22]},
			"faces": {
				"north": {"uv": [0, 15, 2, 16], "texture": "#3"},
				"east": {"uv": [11, 0, 16, 1], "texture": "#3"},
				"south": {"uv": [2, 15, 0, 16], "texture": "#3"},
				"west": {"uv": [11, 0, 16, 1], "texture": "#3"},
				"up": {"uv": [11, 0, 16, 1], "texture": "#3"},
				"down": {"uv": [2, 15, 0, 16], "texture": "#3"}
			}
		},
		{
			"from": [0, 13, 7],
			"to": [1, 14, 9],
			"faces": {
				"north": {"uv": [2, 15, 0, 16], "texture": "#3"},
				"east": {"uv": [2, 15, 0, 16], "texture": "#3"},
				"south": {"uv": [2, 15, 0, 16], "texture": "#3"},
				"west": {"uv": [2, 15, 0, 16], "texture": "#3"},
				"up": {"uv": [2, 15, 0, 16], "texture": "#3"},
				"down": {"uv": [2, 15, 0, 16], "texture": "#3"}
			}
		},
		{
			"from": [7, 13, 0],
			"to": [9, 14, 1],
			"rotation": {"angle": 0, "axis": "y", "origin": [11, 17, 7]},
			"faces": {
				"north": {"uv": [0, 15, 2, 16], "texture": "#3"},
				"east": {"uv": [0, 15, 2, 16], "texture": "#3"},
				"south": {"uv": [0, 15, 2, 16], "texture": "#3"},
				"west": {"uv": [0, 15, 2, 16], "texture": "#3"},
				"up": {"uv": [0, 15, 2, 16], "texture": "#3"},
				"down": {"uv": [0, 15, 2, 16], "texture": "#3"}
			}
		},
		{
			"from": [15, 13, 7],
			"to": [16, 14, 9],
			"faces": {
				"north": {"uv": [11, 0, 16, 1], "texture": "#3"},
				"east": {"uv": [0, 15, 2, 16], "texture": "#3"},
				"south": {"uv": [11, 0, 16, 1], "texture": "#3"},
				"west": {"uv": [2, 15, 0, 16], "texture": "#3"},
				"up": {"uv": [11, 0, 16, 1], "rotation": 90, "texture": "#3"},
				"down": {"uv": [2, 15, 0, 16], "rotation": 270, "texture": "#3"}
			}
		},
		{
			"from": [0, 0, 0],
			"to": [2, 16, 6],
			"faces": {
				"north": {"uv": [14, 0, 16, 16], "texture": "#side"},
				"east": {"uv": [10, 0, 16, 16], "texture": "#side"},
				"south": {"uv": [0, 0, 2, 16], "texture": "#side"},
				"west": {"uv": [0, 0, 6, 16], "texture": "#side"},
				"up": {"uv": [0, 0, 2, 6], "texture": "#top"}
			}
		},
		{
			"from": [10, 0, 0],
			"to": [16, 16, 2],
			"faces": {
				"north": {"uv": [0, 0, 6, 16], "texture": "#side"},
				"east": {"uv": [14, 0, 16, 16], "texture": "#side"},
				"south": {"uv": [10, 0, 16, 16], "texture": "#side"},
				"west": {"uv": [0, 0, 2, 16], "texture": "#side"},
				"up": {"uv": [10, 0, 16, 2], "texture": "#top"}
			}
		},
		{
			"from": [14, 0, 10],
			"to": [16, 16, 14],
			"faces": {
				"north": {"uv": [0, 0, 2, 16], "texture": "#side"},
				"east": {"uv": [2, 0, 6, 16], "texture": "#side"},
				"west": {"uv": [10, 0, 14, 16], "texture": "#side"},
				"up": {"uv": [14, 10, 16, 14], "texture": "#top"}
			}
		},
		{
			"from": [10, 0, 14],
			"to": [16, 16, 16],
			"rotation": {"angle": 0, "axis": "y", "origin": [8, 8, 22]},
			"faces": {
				"north": {"uv": [0, 0, 6, 16], "texture": "#side"},
				"east": {"uv": [0, 0, 2, 16], "texture": "#side"},
				"south": {"uv": [10, 0, 16, 16], "texture": "#side"},
				"west": {"uv": [14, 0, 16, 16], "texture": "#side"},
				"up": {"uv": [10, 14, 16, 16], "texture": "#top"}
			}
		},
		{
			"from": [0, 0, 10],
			"to": [2, 16, 14],
			"faces": {
				"north": {"uv": [14, 0, 16, 16], "texture": "#side"},
				"east": {"uv": [2, 0, 6, 16], "texture": "#side"},
				"west": {"uv": [10, 0, 14, 16], "texture": "#side"},
				"up": {"uv": [0, 10, 2, 14], "texture": "#top"}
			}
		},
		{
			"from": [6, 0, 0],
			"to": [10, 3, 2],
			"rotation": {"angle": 0, "axis": "y", "origin": [4, 8, 8]},
			"faces": {
				"north": {"uv": [6, 13, 10, 16], "texture": "#side"},
				"south": {"uv": [6, 13, 10, 16], "texture": "#side"},
				"up": {"uv": [6, 0, 10, 2], "texture": "#top"}
			}
		},
		{
			"from": [14, 0, 6],
			"to": [16, 3, 10],
			"faces": {
				"east": {"uv": [6, 13, 10, 16], "texture": "#side"},
				"west": {"uv": [6, 13, 10, 16], "texture": "#side"},
				"up": {"uv": [14, 6, 16, 10], "texture": "#top"}
			}
		},
		{
			"from": [6, 0, 14],
			"to": [10, 3, 16],
			"rotation": {"angle": 0, "axis": "y", "origin": [4, 8, 22]},
			"faces": {
				"north": {"uv": [6, 13, 10, 16], "texture": "#side"},
				"south": {"uv": [6, 13, 10, 16], "texture": "#side"},
				"up": {"uv": [6, 14, 10, 16], "texture": "#top"}
			}
		},
		{
			"from": [0, 0, 6],
			"to": [2, 3, 10],
			"faces": {
				"east": {"uv": [6, 13, 10, 16], "texture": "#side"},
				"west": {"uv": [6, 13, 10, 16], "texture": "#side"},
				"up": {"uv": [0, 6, 2, 10], "texture": "#top"}
			}
		},
		{
			"from": [6, 14, 0],
			"to": [10, 16, 2],
			"rotation": {"angle": 0, "axis": "y", "origin": [4, 21, 8]},
			"faces": {
				"north": {"uv": [6, 0, 10, 2], "texture": "#side"},
				"south": {"uv": [6, 0, 10, 2], "texture": "#side"},
				"up": {"uv": [6, 0, 10, 2], "texture": "#top"},
				"down": {"uv": [6, 2, 10, 0], "texture": "#top"}
			}
		},
		{
			"from": [14, 14, 6],
			"to": [16, 16, 10],
			"faces": {
				"east": {"uv": [6, 0, 10, 2], "texture": "#side"},
				"west": {"uv": [6, 0, 10, 2], "texture": "#side"},
				"up": {"uv": [14, 6, 16, 10], "texture": "#top"},
				"down": {"uv": [14, 10, 16, 6], "texture": "#top"}
			}
		},
		{
			"from": [6, 14, 14],
			"to": [10, 16, 16],
			"rotation": {"angle": 0, "axis": "y", "origin": [4, 21, 22]},
			"faces": {
				"north": {"uv": [6, 0, 10, 2], "texture": "#side"},
				"south": {"uv": [6, 0, 10, 2], "texture": "#side"},
				"up": {"uv": [6, 14, 10, 16], "texture": "#top"},
				"down": {"uv": [10, 16, 6, 14], "texture": "#top"}
			}
		},
		{
			"from": [0, 14, 6],
			"to": [2, 16, 10],
			"faces": {
				"east": {"uv": [6, 0, 10, 2], "texture": "#side"},
				"west": {"uv": [6, 0, 10, 2], "texture": "#side"},
				"up": {"uv": [0, 6, 2, 10], "texture": "#top"},
				"down": {"uv": [0, 10, 2, 6], "texture": "#top"}
			}
		},
		{
			"from": [6, 3, 14],
			"to": [10, 14, 14],
			"faces": {
				"north": {"uv": [6, 2, 10, 13], "texture": "#side"}
			}
		},
		{
			"from": [14, 3, 6],
			"to": [14, 14, 10],
			"faces": {
				"west": {"uv": [6, 2, 10, 13], "texture": "#side"}
			}
		},
		{
			"from": [6, 3, 2],
			"to": [10, 14, 2],
			"faces": {
				"south": {"uv": [6, 2, 10, 13], "texture": "#side"}
			}
		},
		{
			"from": [2, 3, 6],
			"to": [2, 14, 10],
			"faces": {
				"east": {"uv": [6, 2, 10, 13], "texture": "#side"}
			}
		}
	],
	"groups": [
		{
			"name": "composter",
			"origin": [8, 8, 8],
			"color": 0,
			"children": [0, 1, 2, 3, 4, 5, 6, 7, 8, 9, 10, 11, 12, 13, 14, 15, 16, 17, 18, 19, 20, 21, 22, 23, 24, 25, 26, 27, 28, 29, 30, 31, 32]
		},
		33,
		34,
		35,
		36
	]
}