{
	"credit": "Made with Blockbench",
	"textures": {
		"inside": "block/composter_compost"
	},
	"elements": [
		{
			"from": [1, 0, 1],
			"to": [15, 12, 15],
			"faces": {
				"north": {"uv": [1, 2, 15, 14], "texture": "#inside"},
				"east": {"uv": [1, 2, 15, 14], "texture": "#inside"},
				"south": {"uv": [1, 2, 15, 14], "texture": "#inside"},
				"west": {"uv": [1, 2, 15, 14], "texture": "#inside"}
			}
		},
		{
			"from": [2, 12, 2],
			"to": [14, 13, 14],
			"faces": {
				"up": {"uv": [2, 2, 14, 14], "texture": "#inside"}
			}
		},
		{
			"from": [5, 12, 14],
			"to": [11, 13, 15],
			"faces": {
				"south": {"uv": [5, 13, 11, 14], "texture": "#inside"},
				"up": {"uv": [5, 2, 11, 3], "texture": "#inside"}
			}
		},
		{
			"from": [1, 12, 5],
			"to": [2, 13, 11],
			"faces": {
				"north": {"uv": [0, 0, 0, 0], "texture": "#inside"},
				"west": {"uv": [5, 13, 11, 14], "texture": "#inside"},
				"up": {"uv": [13, 5, 14, 11], "texture": "#inside"}
			}
		},
		{
			"from": [14, 12, 5],
			"to": [15, 13, 11],
			"faces": {
				"east": {"uv": [5, 13, 11, 14], "texture": "#inside"},
				"up": {"uv": [2, 5, 3, 11], "texture": "#inside"}
			}
		},
		{
			"from": [5, 12, 1],
			"to": [11, 13, 2],
			"faces": {
				"north": {"uv": [5, 13, 11, 14], "texture": "#inside"},
				"up": {"uv": [5, 13, 11, 14], "texture": "#inside"}
			}
		}
	]
}