{
	"credit": "Made with Blockbench",
	"textures": {
		"inside": "block/composter_compost"
	},
	"elements": [
		{
			"from": [1, 0, 1],
			"to": [15, 15, 15],
			"faces": {
				"up": {"uv": [1, 1, 15, 15], "texture": "#inside", "cullface": "up"}
			}
		},
		{
			"from": [1, 0, 1],
			"to": [15, 12, 15],
			"faces": {
				"north": {"uv": [1, 2, 15, 14], "texture": "#inside"},
				"east": {"uv": [1, 2, 15, 14], "texture": "#inside"},
				"south": {"uv": [1, 2, 15, 14], "texture": "#inside"},
				"west": {"uv": [1, 2, 15, 14], "texture": "#inside"},
				"up": {"uv": [0, 0, 0, 0], "texture": "#inside"}
			}
		},
		{
			"from": [1, 12, 1],
			"to": [15, 13, 15],
			"faces": {
				"north": {"uv": [1, 13, 15, 14], "texture": "#inside"},
				"east": {"uv": [1, 13, 15, 14], "texture": "#inside"},
				"south": {"uv": [1, 13, 15, 14], "texture": "#inside"},
				"west": {"uv": [1, 13, 15, 14], "texture": "#inside"}
			}
		}
	]
}