{
	"parent": "block/block",
	"textures": {
		"particle": "#wall"
	},
	"elements": [
		{
			"name": "Center post",
			"from": [4, 0, -4],
			"to": [12, 16, 4],
			"faces": {
				"north": {"uv": [4, 0, 12, 16], "texture": "#wall"},
				"east": {"uv": [4, 0, 12, 16], "texture": "#wall"},
				"south": {"uv": [4, 0, 12, 16], "texture": "#wall"},
				"west": {"uv": [4, 0, 12, 16], "texture": "#wall"},
				"up": {"uv": [4, 4, 12, 12], "rotation": 270, "texture": "#wall"},
				"down": {"uv": [4, 4, 12, 12], "rotation": 90, "texture": "#wall"}
			}
		},
		{
			"name": "Center post",
			"from": [4, 0, 12],
			"to": [12, 16, 20],
			"faces": {
				"north": {"uv": [4, 0, 12, 16], "texture": "#wall"},
				"east": {"uv": [4, 0, 12, 16], "texture": "#wall"},
				"south": {"uv": [4, 0, 12, 16], "texture": "#wall"},
				"west": {"uv": [4, 0, 12, 16], "texture": "#wall"},
				"up": {"uv": [4, 4, 12, 12], "rotation": 270, "texture": "#wall"},
				"down": {"uv": [4, 4, 12, 12], "rotation": 90, "texture": "#wall"}
			}
		},
		{
			"name": "wall",
			"from": [5, 0, 8],
			"to": [11, 14, 16],
			"faces": {
				"east": {"uv": [8, 2, 16, 16], "texture": "#wall"},
				"west": {"uv": [0, 2, 8, 16], "texture": "#wall"},
				"up": {"uv": [8, 5, 16, 11], "rotation": 270, "texture": "#wall"},
				"down": {"uv": [8, 5, 16, 11], "rotation": 90, "texture": "#wall", "cullface": "down"}
			}
		},
		{
			"name": "wall",
			"from": [5, 0, 0],
			"to": [11, 14, 8],
			"faces": {
				"east": {"uv": [0, 2, 8, 16], "texture": "#wall"},
				"west": {"uv": [8, 2, 16, 16], "texture": "#wall"},
				"up": {"uv": [0, 5, 8, 11], "rotation": 270, "texture": "#wall"},
				"down": {"uv": [0, 5, 8, 11], "rotation": 90, "texture": "#wall"}
			}
		}
	],
	"display": {
		"firstperson_righthand": {
			"rotation": [0, -135, 0],
			"scale": [0.4, 0.4, 0.4]
		},
		"gui": {
			"rotation": [30, 225, 0],
			"scale": [0.625, 0.625, 0.625]
		},
        "fixed": {
            "rotation": [ 0, 90, 0 ],
            "translation": [ 0, 0, 1],
            "scale":[ 0.75, 0.75, 0.75 ]
		}
	}
}