{
	"credit": "Made with Blockbench",
	"textures": {
		"inside": "block/composter_compost"
	},
	"elements": [
		{
			"from": [1, 0, 5],
			"to": [2, 7, 11],
			"faces": {
				"west": {"uv": [5, 7, 11, 14], "texture": "#inside"},
				"up": {"uv": [13, 5, 14, 11], "texture": "#inside"}
			}
		},
		{
			"from": [5, 0, 1],
			"to": [11, 7, 2],
			"faces": {
				"north": {"uv": [5, 7, 11, 14], "texture": "#inside"},
				"up": {"uv": [5, 13, 11, 14], "texture": "#inside"}
			}
		},
		{
			"from": [14, 0, 5],
			"to": [15, 7, 11],
			"faces": {
				"east": {"uv": [5, 7, 11, 14], "texture": "#inside"},
				"up": {"uv": [2, 5, 3, 11], "texture": "#inside"}
			}
		},
		{
			"from": [5, 0, 14],
			"to": [11, 7, 15],
			"faces": {
				"south": {"uv": [5, 7, 11, 14], "texture": "#inside"},
				"up": {"uv": [5, 2, 11, 3], "texture": "#inside"}
			}
		},
		{
			"from": [2, 0, 2],
			"to": [14, 7, 14],
			"faces": {
				"up": {"uv": [2, 2, 14, 14], "texture": "#inside"}
			}
		}
	]
}