{
	"parent": "block/block",
	"textures": {
		"particle": "block/enchanting_table_bottom",
		"bottom": "block/enchanting_table_bottom",
		"top": "block/enchanting_table_top",
		"side": "block/enchanting_table_side",
		"book": "entity/enchanting_table_book"
	},
	"elements": [
		{
			"from": [0, 0, 0],
			"to": [16, 12, 16],
			"rotation": {"angle": 45, "axis": "y", "origin": [8, 6, 8]},
			"faces": {
				"north": {"uv": [0, 4, 16, 16], "texture": "#side", "cullface": "north"},
				"east": {"uv": [0, 4, 16, 16], "texture": "#side", "cullface": "east"},
				"south": {"uv": [0, 4, 16, 16], "texture": "#side", "cullface": "south"},
				"west": {"uv": [0, 4, 16, 16], "texture": "#side", "cullface": "west"},
				"up": {"uv": [0, 0, 16, 16], "texture": "#top"},
				"down": {"uv": [0, 0, 16, 16], "texture": "#bottom", "cullface": "down"}
			}
		},
		{
			"name": "book",
			"from": [7.94, 13.1, 4],
			"to": [14.44, 14.1, 12],
			"rotation": {"angle": 22.5, "axis": "z", "origin": [8, 14.4, 8]},
			"faces": {
				"north": {"uv": [3.25, 5, 5.75, 5.5], "texture": "#book"},
				"east": {"uv": [0, 5.5, 0.25, 9.5], "texture": "#book"},
				"south": {"uv": [0.25, 5, 2.75, 5.5], "texture": "#book"},
				"west": {"uv": [3, 5.5, 3.25, 9.5], "texture": "#book"},
				"up": {"uv": [6, 5, 7.25, 9], "texture": "#book"},
				"down": {"uv": [4.75, 5.5, 6, 9.5], "rotation": 180, "texture": "#book"}
			}
		},
		{
			"name": "book",
			"from": [7.85, 14.15, 4],
			"to": [14.35, 14.15, 12],
			"rotation": {"angle": 45, "axis": "z", "origin": [8, 14.4, 8]},
			"faces": {
				"north": {"uv": [0, 0, 0, 0], "texture": "#book"},
				"east": {"uv": [0, 0, 0, 0], "texture": "#book"},
				"south": {"uv": [0, 0, 0, 0], "texture": "#book"},
				"west": {"uv": [0, 0, 0, 0], "texture": "#book"},
				"up": {"uv": [6, 5, 7.25, 9], "texture": "#book"},
				"down": {"uv": [7.25, 5, 6, 9], "rotation": 180, "texture": "#book"}
			}
		},
		{
			"name": "book",
			"from": [7.85, 14.15, 4],
			"to": [7.85, 20.65, 12],
			"rotation": {"angle": 45, "axis": "z", "origin": [8, 14.4, 8]},
			"faces": {
				"north": {"uv": [0, 0, 0, 0], "rotation": 90, "texture": "#book"},
				"east": {"uv": [7.25, 5, 8.5, 9], "rotation": 90, "texture": "#book"},
				"south": {"uv": [0, 0, 0, 0], "rotation": 270, "texture": "#book"},
				"west": {"uv": [8.5, 5, 7.25, 9], "rotation": 270, "texture": "#book"},
				"up": {"uv": [0, 0, 0, 0], "rotation": 270, "texture": "#book"},
				"down": {"uv": [0, 0, 0, 0], "rotation": 270, "texture": "#book"}
			}
		},
		{
			"name": "book",
			"from": [7, 13.1, 3],
			"to": [9, 13.1, 13],
			"rotation": {"angle": 0, "axis": "y", "origin": [8, 14.4, 8]},
			"faces": {
				"north": {"uv": [0, 0, 0, 0], "texture": "#book"},
				"east": {"uv": [0, 0, 0, 0], "texture": "#book"},
				"south": {"uv": [0, 0, 0, 0], "texture": "#book"},
				"west": {"uv": [0, 0, 0, 0], "texture": "#book"},
				"up": {"uv": [3.75, 0, 4, 5], "rotation": 180, "texture": "#book"},
				"down": {"uv": [3, 0, 3.5, 5], "rotation": 180, "texture": "#book"}
			}
		},
		{
			"name": "book",
			"from": [8.38278, 12.82984, 3],
			"to": [15.38278, 12.82984, 13],
			"rotation": {"angle": 22.5, "axis": "z", "origin": [8, 14.4, 8]},
			"faces": {
				"north": {"uv": [0, 0, 0, 0], "texture": "#book"},
				"east": {"uv": [0, 0, 0, 0], "texture": "#book"},
				"south": {"uv": [0, 0, 0, 0], "texture": "#book"},
				"west": {"uv": [0, 0, 0, 0], "texture": "#book"},
				"up": {"uv": [0, 0, 1.75, 5], "rotation": 180, "texture": "#book"},
				"down": {"uv": [5.5, 0, 7, 5], "rotation": 180, "texture": "#book"}
			}
		},
		{
			"name": "book",
			"from": [0.61722, 12.82984, 3],
			"to": [7.61722, 12.82984, 13],
			"rotation": {"angle": -22.5, "axis": "z", "origin": [8, 14.4, 8]},
			"faces": {
				"north": {"uv": [0, 0, 0, 0], "texture": "#book"},
				"east": {"uv": [0, 0, 0, 0], "texture": "#book"},
				"south": {"uv": [0, 0, 0, 0], "texture": "#book"},
				"west": {"uv": [0, 0, 0, 0], "texture": "#book"},
				"up": {"uv": [3.75, 0, 5.5, 5], "rotation": 180, "texture": "#book"},
				"down": {"uv": [1.75, 0, 3, 5], "rotation": 180, "texture": "#book"}
			}
		},
		{
			"name": "book",
			"from": [1.7, 13.15, 4],
			"to": [8.2, 14.15, 12],
			"rotation": {"angle": -22.5, "axis": "z", "origin": [8, 14.4, 8]},
			"faces": {
				"north": {"uv": [3.25, 5, 5.75, 5.5], "texture": "#book"},
				"east": {"uv": [3, 5.5, 3.25, 9.5], "texture": "#book"},
				"south": {"uv": [0.25, 5, 2.75, 5.5], "texture": "#book"},
				"west": {"uv": [0, 5.5, 0.25, 9.5], "texture": "#book"},
				"up": {"uv": [7.25, 5, 8.5, 9], "texture": "#book"},
				"down": {"uv": [3.25, 5.5, 4.5, 9.5], "rotation": 180, "texture": "#book"}
			}
		}
	],
	"display": {
		"thirdperson_righthand": {
			"rotation": [75, 0, 0],
			"translation": [0, 2.5, 0],
			"scale": [0.375, 0.375, 0.375]
        },
		"firstperson_righthand": {
			"rotation": [0, 90, 0],
			"scale": [0.4, 0.4, 0.4]
		},
		"gui": {
			"rotation": [30, 0, 0],
			"scale": [0.625, 0.625, 0.625]
		}
	}
}