{
	"credit": "Made with Blockbench",
	"ambientocclusion": false,
	"textures": {
		"4": "block/glass",
		"5": "block/water_still",
		"top": "block/cauldron_top",
		"bottom": "block/cauldron_bottom",
		"particle": "block/cauldron_side",
		"side": "block/cauldron_side",
		"inside": "block/cauldron_inner"
	},
	"elements": [
		{
			"from": [2, 3, 2],
			"to": [14, 4, 14],
			"faces": {
				"north": {"uv": [0, 0, 0, 0], "texture": "#inside"},
				"east": {"uv": [0, 0, 0, 0], "texture": "#inside"},
				"south": {"uv": [0, 0, 0, 0], "texture": "#inside"},
				"west": {"uv": [0, 0, 0, 0], "texture": "#inside"},
				"up": {"uv": [2, 2, 14, 14], "texture": "#inside"},
				"down": {"uv": [2, 2, 14, 14], "texture": "#inside"}
			}
		},
		{
			"from": [1, 4, 1],
			"to": [15, 9, 15],
			"rotation": {"angle": 0, "axis": "y", "origin": [8, 13, 8]},
			"faces": {
				"north": {"uv": [1, 2, 15, 7], "texture": "#5", "tintindex": 0},
				"east": {"uv": [1, 2, 15, 7], "texture": "#5", "tintindex": 0},
				"south": {"uv": [1, 2, 15, 7], "texture": "#5", "tintindex": 0},
				"west": {"uv": [1, 2, 15, 7], "texture": "#5", "tintindex": 0},
				"up": {"uv": [1, 1, 15, 15], "texture": "#5", "tintindex": 0}
			}
		},
		{
			"from": [14, 3, 10],
			"to": [16, 16, 16],
			"faces": {
				"north": {"uv": [0, 0, 2, 13], "texture": "#side"},
				"east": {"uv": [0, 0, 6, 13], "texture": "#side"},
				"south": {"uv": [14, 0, 16, 13], "texture": "#side"},
				"west": {"uv": [10, 0, 16, 13], "texture": "#side"},
				"up": {"uv": [14, 10, 16, 16], "texture": "#top"},
				"down": {"uv": [14, 0, 16, 5], "texture": "#inside"}
			}
		},
		{
			"from": [10, 3, 0],
			"to": [14, 16, 2],
			"faces": {
				"north": {"uv": [2, 0, 6, 13], "texture": "#side"},
				"east": {"uv": [0, 0, 0, 0], "texture": "#side"},
				"south": {"uv": [10, 0, 14, 13], "texture": "#side"},
				"west": {"uv": [0, 0, 2, 13], "texture": "#side"},
				"up": {"uv": [10, 0, 14, 2], "texture": "#top"},
				"down": {"uv": [10, 14, 14, 16], "texture": "#inside"}
			}
		},
		{
			"from": [0, 3, 10],
			"to": [2, 16, 16],
			"rotation": {"angle": 0, "axis": "y", "origin": [-6, 8, 8]},
			"faces": {
				"north": {"uv": [14, 0, 16, 13], "texture": "#side"},
				"east": {"uv": [0, 0, 6, 13], "texture": "#side"},
				"south": {"uv": [0, 0, 2, 13], "texture": "#side"},
				"west": {"uv": [10, 0, 16, 13], "texture": "#side"},
				"up": {"uv": [0, 10, 2, 16], "texture": "#top"},
				"down": {"uv": [0, 0, 2, 6], "texture": "#inside"}
			}
		},
		{
			"from": [14, 3, 0],
			"to": [16, 16, 6],
			"rotation": {"angle": 0, "axis": "y", "origin": [8, 8, -3]},
			"faces": {
				"north": {"uv": [0, 0, 2, 13], "texture": "#side"},
				"east": {"uv": [10, 0, 16, 13], "texture": "#side"},
				"south": {"uv": [14, 0, 16, 13], "texture": "#side"},
				"west": {"uv": [0, 0, 6, 13], "texture": "#side"},
				"up": {"uv": [14, 0, 16, 6], "texture": "#top"},
				"down": {"uv": [14, 11, 16, 16], "texture": "#inside"}
			}
		},
		{
			"from": [0, 3, 0],
			"to": [2, 16, 6],
			"rotation": {"angle": 0, "axis": "y", "origin": [-6, 8, -3]},
			"faces": {
				"north": {"uv": [14, 0, 16, 13], "texture": "#side"},
				"east": {"uv": [10, 0, 16, 13], "texture": "#side"},
				"south": {"uv": [0, 0, 2, 13], "texture": "#side"},
				"west": {"uv": [0, 0, 6, 13], "texture": "#side"},
				"up": {"uv": [0, 0, 2, 6], "texture": "#top"},
				"down": {"uv": [0, 10, 2, 16], "texture": "#inside"}
			}
		},
		{
			"from": [10, 3, 14],
			"to": [14, 16, 16],
			"rotation": {"angle": 0, "axis": "y", "origin": [8, 9.5, 15]},
			"faces": {
				"north": {"uv": [2, 0, 6, 13], "texture": "#side"},
				"south": {"uv": [10, 0, 14, 13], "texture": "#side"},
				"west": {"uv": [14, 0, 16, 13], "texture": "#side"},
				"up": {"uv": [10, 14, 14, 16], "texture": "#top"},
				"down": {"uv": [10, 0, 14, 2], "texture": "#inside"}
			}
		},
		{
			"from": [2, 3, 0],
			"to": [6, 16, 2],
			"rotation": {"angle": 0, "axis": "y", "origin": [-1, 8, 8]},
			"faces": {
				"north": {"uv": [10, 0, 14, 13], "texture": "#side"},
				"east": {"uv": [14, 0, 16, 13], "texture": "#side"},
				"south": {"uv": [2, 0, 6, 13], "texture": "#side"},
				"west": {"uv": [0, 0, 16, 13], "texture": "#side"},
				"up": {"uv": [2, 0, 6, 2], "texture": "#top"},
				"down": {"uv": [2, 14, 6, 16], "texture": "#inside"}
			}
		},
		{
			"from": [2, 3, 14],
			"to": [6, 16, 16],
			"rotation": {"angle": 0, "axis": "y", "origin": [8, 9.5, 15]},
			"faces": {
				"north": {"uv": [10, 0, 14, 13], "texture": "#side"},
				"east": {"uv": [14, 0, 16, 13], "texture": "#side"},
				"south": {"uv": [2, 0, 6, 13], "texture": "#side"},
				"west": {"uv": [0, 0, 16, 13], "texture": "#missing"},
				"up": {"uv": [6, 16, 2, 14], "rotation": 180, "texture": "#top"},
				"down": {"uv": [2, 0, 6, 2], "texture": "#inside"}
			}
		},
		{
			"from": [6, 5, 15],
			"to": [7, 14, 16],
			"rotation": {"angle": 0, "axis": "y", "origin": [8, 9.5, 15]},
			"faces": {
				"north": {"uv": [0, 7, 1, 16], "texture": "#4"},
				"east": {"uv": [0, 7, 1, 16], "texture": "#4"},
				"south": {"uv": [0, 7, 1, 16], "texture": "#4"},
				"west": {"uv": [0, 7, 1, 16], "texture": "#4"},
				"up": {"uv": [0, 7, 1, 16], "texture": "#4"},
				"down": {"uv": [0, 7, 1, 16], "texture": "#4", "cullface": "up"}
			}
		},
		{
			"from": [0, 5, 6],
			"to": [1, 14, 7],
			"rotation": {"angle": 0, "axis": "y", "origin": [8, 9.5, 8]},
			"faces": {
				"north": {"uv": [0, 7, 1, 16], "texture": "#4"},
				"east": {"uv": [0, 7, 1, 16], "texture": "#4"},
				"south": {"uv": [0, 7, 1, 16], "texture": "#4"},
				"west": {"uv": [0, 7, 1, 16], "texture": "#4"},
				"up": {"uv": [0, 7, 1, 16], "rotation": 90, "texture": "#4"},
				"down": {"uv": [0, 7, 1, 16], "rotation": 270, "texture": "#4", "cullface": "up"}
			}
		},
		{
			"from": [9, 5, 0],
			"to": [10, 14, 1],
			"rotation": {"angle": 0, "axis": "y", "origin": [8, 9.5, 0]},
			"faces": {
				"north": {"uv": [0, 7, 1, 16], "rotation": 180, "texture": "#4"},
				"east": {"uv": [0, 7, 1, 16], "rotation": 180, "texture": "#4"},
				"south": {"uv": [0, 7, 1, 16], "rotation": 180, "texture": "#4"},
				"west": {"uv": [0, 16, 1, 7], "texture": "#4"},
				"up": {"uv": [0, 7, 1, 16], "texture": "#4"},
				"down": {"uv": [0, 7, 1, 16], "texture": "#4", "cullface": "up"}
			}
		},
		{
			"from": [15, 5, 9],
			"to": [16, 14, 10],
			"rotation": {"angle": 0, "axis": "y", "origin": [8, 9.5, 8]},
			"faces": {
				"north": {"uv": [0, 16, 1, 7], "texture": "#4"},
				"east": {"uv": [0, 16, 1, 7], "texture": "#4"},
				"south": {"uv": [0, 16, 1, 7], "texture": "#4"},
				"west": {"uv": [0, 16, 1, 7], "texture": "#4"},
				"up": {"uv": [0, 7, 1, 16], "rotation": 90, "texture": "#missing"},
				"down": {"uv": [0, 7, 1, 16], "rotation": 270, "texture": "#missing", "cullface": "up"}
			}
		},
		{
			"from": [9, 5, 15],
			"to": [10, 14, 16],
			"rotation": {"angle": 0, "axis": "y", "origin": [13, 9.5, 15]},
			"faces": {
				"north": {"uv": [0, 7, 1, 16], "rotation": 180, "texture": "#4"},
				"east": {"uv": [0, 7, 1, 16], "rotation": 180, "texture": "#4"},
				"south": {"uv": [0, 7, 1, 16], "rotation": 180, "texture": "#4"},
				"west": {"uv": [0, 7, 1, 16], "rotation": 180, "texture": "#4"},
				"up": {"uv": [0, 7, 1, 16], "rotation": 180, "texture": "#4"},
				"down": {"uv": [0, 7, 1, 16], "rotation": 180, "texture": "#4", "cullface": "up"}
			}
		},
		{
			"from": [0, 5, 9],
			"to": [1, 14, 10],
			"rotation": {"angle": 0, "axis": "y", "origin": [8, 9.5, 8]},
			"faces": {
				"north": {"uv": [0, 7, 1, 16], "rotation": 180, "texture": "#4"},
				"east": {"uv": [0, 7, 1, 16], "rotation": 180, "texture": "#4"},
				"south": {"uv": [0, 7, 1, 16], "rotation": 180, "texture": "#4"},
				"west": {"uv": [0, 7, 1, 16], "rotation": 180, "texture": "#4"},
				"up": {"uv": [0, 7, 1, 16], "rotation": 270, "texture": "#4"},
				"down": {"uv": [0, 7, 1, 16], "rotation": 90, "texture": "#4", "cullface": "up"}
			}
		},
		{
			"from": [6, 5, 0],
			"to": [7, 14, 1],
			"rotation": {"angle": 0, "axis": "y", "origin": [13, 9.5, 0]},
			"faces": {
				"north": {"uv": [0, 7, 1, 16], "texture": "#4"},
				"east": {"uv": [0, 16, 1, 7], "rotation": 180, "texture": "#4"},
				"south": {"uv": [0, 7, 1, 16], "texture": "#4"},
				"west": {"uv": [0, 7, 1, 16], "texture": "#4"},
				"up": {"uv": [0, 7, 1, 16], "rotation": 180, "texture": "#4"},
				"down": {"uv": [0, 7, 1, 16], "rotation": 180, "texture": "#4", "cullface": "up"}
			}
		},
		{
			"from": [15, 5, 6],
			"to": [16, 14, 7],
			"rotation": {"angle": 0, "axis": "y", "origin": [8, 9.5, 8]},
			"faces": {
				"north": {"uv": [0, 16, 1, 7], "rotation": 180, "texture": "#4"},
				"east": {"uv": [0, 16, 1, 7], "rotation": 180, "texture": "#4"},
				"south": {"uv": [0, 16, 1, 7], "rotation": 180, "texture": "#4"},
				"west": {"uv": [0, 16, 1, 7], "rotation": 180, "texture": "#4"},
				"up": {"uv": [0, 7, 1, 16], "rotation": 270, "texture": "#missing"},
				"down": {"uv": [0, 7, 1, 16], "rotation": 90, "texture": "#missing", "cullface": "up"}
			}
		},
		{
			"from": [7, 5, 15],
			"to": [9, 6, 16],
			"rotation": {"angle": 0, "axis": "y", "origin": [12, 9.5, 15]},
			"faces": {
				"north": {"uv": [1, 15, 3, 16], "texture": "#4"},
				"east": {"uv": [0, 15, 4, 16], "rotation": 180, "texture": "#4"},
				"south": {"uv": [1, 15, 3, 16], "rotation": 180, "texture": "#4"},
				"west": {"uv": [0, 15, 4, 16], "rotation": 180, "texture": "#4"},
				"up": {"uv": [1, 15, 3, 16], "rotation": 180, "texture": "#4"},
				"down": {"uv": [0, 15, 4, 16], "rotation": 180, "texture": "#4", "cullface": "up"}
			}
		},
		{
			"from": [0, 5, 7],
			"to": [1, 6, 9],
			"rotation": {"angle": 0, "axis": "y", "origin": [8, 9.5, 8]},
			"faces": {
				"north": {"uv": [0, 15, 4, 16], "rotation": 180, "texture": "#4"},
				"east": {"uv": [1, 15, 3, 16], "texture": "#4"},
				"south": {"uv": [0, 15, 4, 16], "rotation": 180, "texture": "#4"},
				"west": {"uv": [1, 15, 3, 16], "rotation": 180, "texture": "#4"},
				"up": {"uv": [1, 15, 3, 16], "rotation": 270, "texture": "#4"},
				"down": {"uv": [0, 15, 4, 16], "rotation": 90, "texture": "#4", "cullface": "up"}
			}
		},
		{
			"from": [7, 5, 0],
			"to": [9, 6, 1],
			"rotation": {"angle": 0, "axis": "y", "origin": [12, 9.5, 0]},
			"faces": {
				"north": {"uv": [3, 15, 1, 16], "rotation": 180, "texture": "#4"},
				"east": {"uv": [0, 15, 4, 16], "rotation": 180, "texture": "#4"},
				"south": {"uv": [3, 15, 1, 16], "texture": "#4"},
				"west": {"uv": [0, 15, 4, 16], "rotation": 180, "texture": "#4"},
				"up": {"uv": [3, 15, 1, 16], "texture": "#4"},
				"down": {"uv": [0, 15, 2, 16], "rotation": 180, "texture": "#4", "cullface": "up"}
			}
		},
		{
			"from": [15, 5, 7],
			"to": [16, 6, 9],
			"rotation": {"angle": 0, "axis": "y", "origin": [8, 9.5, 8]},
			"faces": {
				"north": {"uv": [0, 15, 4, 16], "rotation": 180, "texture": "#4"},
				"east": {"uv": [3, 15, 1, 16], "rotation": 180, "texture": "#4"},
				"south": {"uv": [0, 15, 4, 16], "rotation": 180, "texture": "#4"},
				"west": {"uv": [1, 15, 3, 16], "rotation": 180, "texture": "#4"},
				"up": {"uv": [1, 15, 3, 16], "rotation": 270, "texture": "#4"},
				"down": {"uv": [0, 15, 4, 16], "rotation": 90, "texture": "#4", "cullface": "up"}
			}
		},
		{
			"from": [7, 13, 15],
			"to": [9, 14, 16],
			"rotation": {"angle": 0, "axis": "y", "origin": [12, 17.5, 15]},
			"faces": {
				"north": {"uv": [0, 15, 2, 16], "rotation": 180, "texture": "#4"},
				"east": {"uv": [0, 15, 4, 16], "rotation": 180, "texture": "#4"},
				"south": {"uv": [0, 15, 2, 16], "rotation": 180, "texture": "#4"},
				"west": {"uv": [0, 15, 4, 16], "rotation": 180, "texture": "#4"},
				"up": {"uv": [0, 15, 4, 16], "rotation": 180, "texture": "#4"},
				"down": {"uv": [0, 15, 2, 16], "rotation": 180, "texture": "#4", "cullface": "up"}
			}
		},
		{
			"from": [0, 13, 7],
			"to": [1, 14, 9],
			"rotation": {"angle": 0, "axis": "y", "origin": [8, 9.5, 8]},
			"faces": {
				"north": {"uv": [0, 15, 4, 16], "rotation": 180, "texture": "#4"},
				"east": {"uv": [0, 15, 2, 16], "rotation": 180, "texture": "#4"},
				"south": {"uv": [0, 15, 4, 16], "rotation": 180, "texture": "#4"},
				"west": {"uv": [0, 15, 2, 16], "rotation": 180, "texture": "#4"},
				"up": {"uv": [0, 15, 4, 16], "rotation": 270, "texture": "#4"},
				"down": {"uv": [0, 15, 2, 16], "rotation": 90, "texture": "#4", "cullface": "up"}
			}
		},
		{
			"from": [7, 13, 0],
			"to": [9, 14, 1],
			"rotation": {"angle": 0, "axis": "y", "origin": [12, 17.5, 0]},
			"faces": {
				"north": {"uv": [0, 15, 2, 16], "rotation": 180, "texture": "#4"},
				"east": {"uv": [0, 15, 4, 16], "rotation": 180, "texture": "#4"},
				"south": {"uv": [0, 15, 2, 16], "rotation": 180, "texture": "#4"},
				"west": {"uv": [0, 15, 4, 16], "rotation": 180, "texture": "#4"},
				"up": {"uv": [0, 15, 4, 16], "rotation": 180, "texture": "#4"},
				"down": {"uv": [0, 15, 2, 16], "rotation": 180, "texture": "#4", "cullface": "up"}
			}
		},
		{
			"from": [15, 13, 7],
			"to": [16, 14, 9],
			"rotation": {"angle": 0, "axis": "y", "origin": [8, 9.5, 8]},
			"faces": {
				"north": {"uv": [0, 15, 4, 16], "rotation": 180, "texture": "#missing"},
				"east": {"uv": [0, 15, 2, 16], "rotation": 180, "texture": "#4"},
				"south": {"uv": [0, 15, 4, 16], "rotation": 180, "texture": "#missing"},
				"west": {"uv": [0, 15, 2, 16], "rotation": 180, "texture": "#4"},
				"up": {"uv": [0, 15, 4, 16], "rotation": 270, "texture": "#missing"},
				"down": {"uv": [0, 15, 2, 16], "rotation": 90, "texture": "#4", "cullface": "up"}
			}
		},
		{
			"from": [6, 3, 0],
			"to": [10, 5, 2],
			"rotation": {"angle": 0, "axis": "y", "origin": [2, 8, 8]},
			"faces": {
				"north": {"uv": [6, 11, 10, 13], "texture": "#side"},
				"east": {"uv": [0, 0, 0, 0], "texture": "#inside"},
				"south": {"uv": [10, 13, 6, 11], "rotation": 180, "texture": "#side"},
				"west": {"uv": [0, 0, 0, 0], "texture": "#inside"},
				"up": {"uv": [6, 0, 10, 2], "texture": "#top"},
				"down": {"uv": [6, 14, 10, 16], "texture": "#inside"}
			}
		},
		{
			"from": [14, 3, 6],
			"to": [16, 5, 10],
			"rotation": {"angle": 0, "axis": "y", "origin": [8, 9.5, 8]},
			"faces": {
				"north": {"uv": [0, 0, 0, 0], "texture": "#inside"},
				"east": {"uv": [6, 11, 10, 13], "texture": "#side"},
				"south": {"uv": [0, 0, 0, 0], "texture": "#inside"},
				"west": {"uv": [6, 11, 10, 13], "texture": "#side"},
				"up": {"uv": [14, 6, 16, 10], "texture": "#top"},
				"down": {"uv": [14, 5, 16, 11], "texture": "#inside"}
			}
		},
		{
			"from": [6, 3, 14],
			"to": [10, 5, 16],
			"rotation": {"angle": 0, "axis": "y", "origin": [8, 9.5, 15]},
			"faces": {
				"north": {"uv": [6, 11, 10, 13], "texture": "#side"},
				"east": {"uv": [0, 0, 0, 0], "texture": "#inside"},
				"south": {"uv": [6, 11, 10, 13], "texture": "#side"},
				"west": {"uv": [0, 0, 0, 0], "texture": "#inside"},
				"up": {"uv": [6, 14, 10, 16], "texture": "#top"},
				"down": {"uv": [6, 0, 10, 2], "texture": "#inside"}
			}
		},
		{
			"from": [0, 3, 6],
			"to": [2, 5, 10],
			"rotation": {"angle": 0, "axis": "y", "origin": [8, 9.5, 8]},
			"faces": {
				"east": {"uv": [6, 11, 10, 13], "texture": "#side"},
				"west": {"uv": [6, 11, 10, 13], "texture": "#side"},
				"up": {"uv": [6, 14, 10, 16], "rotation": 90, "texture": "#top"},
				"down": {"uv": [0, 6, 2, 10], "texture": "#inside"}
			}
		},
		{
			"from": [6, 14, 0],
			"to": [10, 16, 2],
			"rotation": {"angle": 0, "axis": "y", "origin": [2, 19, 8]},
			"faces": {
				"north": {"uv": [6, 0, 10, 2], "texture": "#side"},
				"east": {"uv": [0, 0, 0, 0], "texture": "#top"},
				"south": {"uv": [6, 0, 10, 2], "texture": "#side"},
				"west": {"uv": [0, 0, 0, 0], "texture": "#top"},
				"up": {"uv": [6, 0, 10, 2], "texture": "#top"},
				"down": {"uv": [6, 2, 10, 0], "texture": "#top"}
			}
		},
		{
			"from": [14, 14, 6],
			"to": [16, 16, 10],
			"rotation": {"angle": 0, "axis": "y", "origin": [8, 9.5, 8]},
			"faces": {
				"east": {"uv": [6, 0, 10, 2], "texture": "#side"},
				"west": {"uv": [6, 0, 10, 2], "texture": "#side"},
				"up": {"uv": [14, 6, 16, 10], "texture": "#top"},
				"down": {"uv": [10, 14, 6, 16], "rotation": 270, "texture": "#top"}
			}
		},
		{
			"from": [6, 14, 14],
			"to": [10, 16, 16],
			"rotation": {"angle": 0, "axis": "y", "origin": [8, 9.5, 15]},
			"faces": {
				"north": {"uv": [6, 0, 10, 2], "texture": "#side"},
				"south": {"uv": [6, 0, 10, 2], "texture": "#side"},
				"up": {"uv": [6, 14, 10, 16], "texture": "#top"},
				"down": {"uv": [10, 0, 6, 2], "texture": "#side"}
			}
		},
		{
			"from": [0, 14, 6],
			"to": [2, 16, 10],
			"rotation": {"angle": 0, "axis": "y", "origin": [8, 9.5, 8]},
			"faces": {
				"east": {"uv": [6, 0, 10, 2], "texture": "#side"},
				"west": {"uv": [6, 0, 10, 2], "texture": "#side"},
				"up": {"uv": [0, 6, 2, 10], "texture": "#top"},
				"down": {"uv": [10, 0, 6, 2], "rotation": 270, "texture": "#side"}
			}
		},
		{
			"from": [0, 0, 0],
			"to": [4, 3, 2],
			"faces": {
				"north": {"uv": [12, 13, 16, 16], "texture": "#side"},
				"east": {"uv": [14, 13, 16, 16], "texture": "#side"},
				"south": {"uv": [0, 13, 4, 16], "texture": "#side"},
				"west": {"uv": [0, 13, 2, 16], "texture": "#side"},
				"down": {"uv": [0, 14, 4, 16], "texture": "#bottom", "cullface": "down"}
			}
		},
		{
			"from": [0, 0, 2],
			"to": [2, 3, 4],
			"faces": {
				"east": {"uv": [12, 13, 14, 16], "texture": "#side"},
				"south": {"uv": [0, 13, 2, 16], "texture": "#side"},
				"west": {"uv": [2, 13, 4, 16], "texture": "#side"},
				"down": {"uv": [0, 12, 2, 14], "texture": "#bottom", "cullface": "down"}
			}
		},
		{
			"from": [12, 0, 0],
			"to": [16, 3, 2],
			"faces": {
				"north": {"uv": [0, 13, 4, 16], "texture": "#side"},
				"east": {"uv": [14, 13, 16, 16], "texture": "#side"},
				"south": {"uv": [12, 13, 16, 16], "texture": "#side"},
				"west": {"uv": [0, 13, 2, 16], "texture": "#side"},
				"down": {"uv": [12, 14, 16, 16], "texture": "#bottom", "cullface": "down"}
			}
		},
		{
			"from": [14, 0, 2],
			"to": [16, 3, 4],
			"faces": {
				"east": {"uv": [12, 13, 14, 16], "texture": "#side"},
				"south": {"uv": [14, 13, 16, 16], "texture": "#side"},
				"west": {"uv": [2, 13, 4, 16], "texture": "#side"},
				"down": {"uv": [14, 12, 16, 14], "texture": "#bottom", "cullface": "down"}
			}
		},
		{
			"from": [0, 0, 14],
			"to": [4, 3, 16],
			"faces": {
				"north": {"uv": [12, 13, 16, 16], "texture": "#side"},
				"east": {"uv": [0, 13, 2, 16], "texture": "#side"},
				"south": {"uv": [0, 13, 4, 16], "texture": "#side"},
				"west": {"uv": [14, 13, 16, 16], "texture": "#side"},
				"down": {"uv": [0, 0, 4, 2], "texture": "#bottom", "cullface": "down"}
			}
		},
		{
			"from": [0, 0, 12],
			"to": [2, 3, 14],
			"faces": {
				"north": {"uv": [14, 13, 16, 16], "texture": "#side"},
				"east": {"uv": [2, 13, 0, 16], "texture": "#side"},
				"west": {"uv": [12, 13, 14, 16], "texture": "#side"},
				"down": {"uv": [0, 2, 2, 4], "texture": "#bottom", "cullface": "down"}
			}
		},
		{
			"from": [12, 0, 14],
			"to": [16, 3, 16],
			"faces": {
				"north": {"uv": [0, 13, 4, 16], "texture": "#side"},
				"east": {"uv": [0, 13, 2, 16], "texture": "#side"},
				"south": {"uv": [12, 13, 16, 16], "texture": "#side"},
				"west": {"uv": [14, 13, 16, 16], "texture": "#side"},
				"down": {"uv": [12, 0, 16, 2], "texture": "#bottom", "cullface": "down"}
			}
		},
		{
			"from": [14, 0, 12],
			"to": [16, 3, 14],
			"faces": {
				"north": {"uv": [0, 13, 2, 16], "texture": "#side"},
				"east": {"uv": [2, 13, 4, 16], "texture": "#side"},
				"west": {"uv": [12, 13, 14, 16], "texture": "#side"},
				"down": {"uv": [14, 2, 16, 4], "texture": "#bottom", "cullface": "down"}
			}
		}
	]
}